name	time	cx	cy	x1	y1	x2	y2	x3	y3	x4	y4	x5	y5	x6	y6	x7	y7	x8	y8	x9	y9
assay_test.mp4	0	420.99290974934894	2161.5	171.18182373046875	2151.783203125	271.1062316894531	2155.669921875	371.0306701660156	2159.556640625	470.95513916015625	2163.443359375	570.8795776367188	2167.330078125	670.8040161132812	2171.216796875	710.8181762695312	2172.773193359375
assay_test.mp4	0.02	410.4788869222005	2157.889363606771	199.18182373046875	2160.052001953125	290.1932678222656	2118.616455078125	386.9796142578125	2109.841552734375	454.0599365234375	2170.27001953125	530.008056640625	2217.613037109375	602.4506225585938	2170.943115234375	630.6363525390625	2128.2490234375
assay_test.mp4	0.067	396.7132682800293	2212.4215087890625	287	2167.048583984375	359.3486328125	2230.59375	451.2086486816406	2233.18994140625	455.4625244140625	2141.35107421875	377.67657470703125	2128.43408203125	355.847412109375	2205.8125	396.98895263671875	2285.8037109375	490.17340087890625	2307.138427734375	579.0908813476562	2272.634033203125
assay_test.mp4	0.1	393.7720838274275	2083.3913922991073	224	2062.09912109375	255.0589141845703	2146.746826171875	352.9900207519531	2153.94482421875	383.0909118652344	2067.319091796875	446.8778991699219	2004.087158203125	533.75048828125	2028.38232421875	560.6363525390625	2121.160400390625	560.6363525390625	2188.674560546875
