name	time	cx	cy	x1	y1	x2	y2	x3	y3	x4	y4	x5	y5	x6	y6	x7	y7	x8	y8
assay_test.mp4	0	443.1725115094866	2116.3206961495534	192.81817626953125	2018.84716796875	268.8688049316406	2083.103515625	359.9879455566406	2117.2490234375	457.7291259765625	2096.1787109375	556.6666259765625	2096.787841796875	634.6577758789062	2152.205078125	631.4791259765625	2249.87353515625	649.0908813476562	2295.5322265625
assay_test.mp4	0.02	436.416013445173	2109.905779157366	190.27272033691406	2011.8504638671875	263.90277099609375	2079.512939453125	351.3929138183594	2124.044189453125	446.86029052734375	2095.19677734375	544.3806762695312	2092.861083984375	629.9832763671875	2139.35595703125	628.1194458007812	2226.51904296875	654.8181762695312	2294.896240234375
assay_test.mp4	0.04	483.4063044956752	2116.695155552455	226.5454559326172	2015.6668701171875	306.3916015625	2075.249755859375	397.1827392578125	2116.73193359375	492.3034973144531	2097.759033203125	591.1143188476562	2102.668212890625	669.1990966796875	2160.01708984375	701.107421875	2248.773193359375	738.8181762695312	2301.2568359375
assay_test.mp4	0.067	477.6106392996652	2111.8573695591517	224	2013.7586669921875	305.1201477050781	2072.2353515625	391.7389221191406	2120.139892578125	485.0811767578125	2093.223388671875	581.919677734375	2097.112548828125	666.1102905273438	2147.290283203125	689.3042602539062	2239.241455078125	740.727294921875	2295.5322265625

